anomaly_id,name,desc,level,image,success_event_ids,source_file,localisation_source_file
crashed_ship_asteroid_category,Crashed Ship,A vessel of some kind has crashed into the surface of this asteroid. Wreckage from the craft can still be found within the impact crater.,3,GFX_evt_crashed_station,"anomaly.35, anomaly.65",00_anomaly_categories.txt,events_l_english.yml
origin_asteroid_category,Unknown Origin,"The material composition of this asteroid differs significantly from its neighbors. It likely has a different origin than the other bodies of this asteroid belt, and should be investigated more closely.",1,GFX_evt_mining_station,"anomaly.1, distar.225, anomaly.15",00_anomaly_categories.txt,events_l_english.yml
debris_asteroid_category,Covered in Debris,The surface of this asteroid is littered with metallic debris. Most of it appears to originate from starships of many different designs.,3,GFX_evt_mining_station,"anomaly.30, anomaly.6800",00_anomaly_categories.txt,events_l_english.yml
emissions_asteroid_category,Energy Emissions,Strong energy emissions of an unknown origin make this asteroid stand out from the rest of its peers in this crowded asteroid field.,1,GFX_evt_mining_station,"anomaly.60, anomaly.50",00_anomaly_categories.txt,events_l_english.yml
hatch_asteroid_category,Docking Hatch,"A small docking hatch leading to the interior of this asteroid is visible at the rim of a small crater on its surface. The hatch was likely concealed once, but it has since been exposed by micrometeorite impacts.",3,GFX_evt_mining_station,"anomaly.5, anomaly.25",00_anomaly_categories.txt,events_l_english.yml
collision_asteroid_category,Asteroid Collision,"This asteroid recently suffered an impact from another body within the asteroid belt, which resulted in a slightly changed orbit and a massive crater on the surface.",1,GFX_evt_mining_station,"anomaly.55, anomaly.6805",00_anomaly_categories.txt,events_l_english.yml
station_asteroid_category,Abandoned Station,A small space station of some kind has been built in a stable orbit around this asteroid. It appears deserted.,3,GFX_evt_mining_station,"anomaly.6810, anomaly.40",00_anomaly_categories.txt,events_l_english.yml
life_asteroid_category,Life Signs,We are picking up life signs coming from somewhere within the interior of this asteroid. This definitely warrants a closer investigation.,2,GFX_evt_microscopic_life,"anomaly.6825, anomaly.10",00_anomaly_categories.txt,events_l_english.yml
object_gasgiant_category,Atmospheric Object,Sensor echoes have indicated the presence of some kind of unidentified object deep within the atmosphere of this gas giant.,4,GFX_evt_gas_giant_station,"anomaly.325, anomaly.335",00_anomaly_categories.txt,events_l_english.yml
moon_gasgiant_category,Promising Moon,One of the small moonlets orbiting this gas giant has been identified as a promising mining site. A more thorough survey will have to be conducted to determine whether a mining operation would be feasible or not.,1,GFX_evt_ship_in_orbit_3,"anomaly.340, anomaly.6840",00_anomaly_categories.txt,events_l_english.yml
life_gasgiant_category,Life Signs,Life signs have been detected coming from inside the atmosphere of this gas giant. Could it indicate the presence of some kind of biosphere?,2,GFX_evt_atmospheric_flight,"anomaly.6845, anomaly.300",00_anomaly_categories.txt,events_l_english.yml
storms_gasgiant_category,Atmospheric Storms,Massive storms are visible in the upper atmosphere of this gas giant. It might be worth the effort to study them in more detail.,1,GFX_evt_atmospheric_flight,"anomaly.6855, anomaly.330",00_anomaly_categories.txt,events_l_english.yml
aerostat_gasgiant_category,Aerostat Structures,Some kind of unknown structures are floating in this gas giant's upper atmosphere. They appear to be using aerostatic lift to remain buoyant.,1,GFX_evt_gas_giant_station,"anomaly.310, anomaly.315",00_anomaly_categories.txt,events_l_english.yml
cargo_gasgiant_category,Cargo Pod,"A small cargo pod has been left to drift in space above this gas giant. It has been captured by the planet's gravity well, and will eventually be pulled into its atmosphere. ",1,GFX_evt_ship_in_orbit,"anomaly.6865, anomaly.305",00_anomaly_categories.txt,events_l_english.yml
debris_gasgiant_category,Space Debris,There is a significant amount of debris in orbit around this gas giant. Most of it appears to come from long lost starships of various configurations.,1,GFX_evt_ruined_system,"anomaly.320, distar.1055",00_anomaly_categories.txt,events_l_english.yml
impact_uninhabitable_category,Massive Impact,A colossal impact crater hints that something big collided with the surface of this [Root.GetPlanetMoon] once.,2,GFX_evt_nuclear_explosion,"anomaly.605, anomaly.600",00_anomaly_categories.txt,events_l_english.yml
energy_uninhabitable_category,Unusual Energy Readings,"We briefly detected some unusual energy readings emanating from this [Root.GetPlanetMoon]. It might have been a glitch in our systems, or it could be a sign of something more.",2,GFX_evt_ship_in_orbit_3,"anomaly.615, anomaly.655, anomaly.610, distar.1040",00_anomaly_categories.txt,events_l_english.yml
signal_uninhabitable_category,Weak Signal,"By chance, we stumbled upon a faint alien signal during the survey of this [Root.GetPlanetMoon]. The source appears to be a small object in orbit. The signal contains no message - could it be a distress transponder?",2,GFX_evt_ship_in_orbit_2,"anomaly.630, anomaly.625",00_anomaly_categories.txt,events_l_english.yml
asteroid_uninhabitable_category,Asteroid in Orbit,A class-12 asteroid orbits this [Root.GetPlanetMoon]. The small planetoid's orbit appears far too stable for its presence to be a natural occurrence.,1,GFX_evt_asteroid_approaching_planet,"anomaly.660, anomaly.6875",00_anomaly_categories.txt,events_l_english.yml
solar_uninhabitable_category,Solar Sailer,An abandoned ship has been left to drift aimlessly above this [Root.GetPlanetMoon]. The massive sails protruding from its hull suggest that it relied on solar power to function.,2,GFX_evt_ship_in_orbit,anomaly.650,00_anomaly_categories.txt,events_l_english.yml
life_toxic_category,Life Signs,"Despite the toxic content and high pressure of this [Root.GetPlanetMoon]'s atmosphere, strong life signs have been detected coming from its surface.",2,GFX_evt_microscopic_life,"anomaly.690, anomaly.6895",00_anomaly_categories.txt,events_l_english.yml
life_frozen_category,Life Signs,"At first glance this [Root.GetPlanetMoon] does not seem capable of supporting living beings, but nevertheless we have detected life signs emanating from somewhere beneath its frozen surface.",2,GFX_evt_microscopic_life,"anomaly.6900, anomaly.2510",00_anomaly_categories.txt,events_l_english.yml
life_barren_category,Life Signs,We have detected life signs coming from somewhere beneath the barren and lifeless surface of this [Root.GetPlanetMoon]. What manner of organism could possibly live there?,2,GFX_evt_microscopic_life,anomaly.695,00_anomaly_categories.txt,events_l_english.yml
battle_uninhabitable_category,Signs of Battle,"A large amount of ship debris can be found in orbit around this [Root.GetPlanetMoon], possibly the remnants of some kind of massive fleet action.",4,GFX_evt_small_space_battle,anomaly.2530,00_anomaly_categories.txt,events_l_english.yml
shipyard_uninhabitable_category,Ancient Shipyard,"An ancient orbital shipyard drifts in silence above this world. It has suffered significant battle damage, and entire sections of the facility are missing.",4,GFX_evt_ruined_system,anomaly.2550,00_anomaly_categories.txt,events_l_english.yml
inhabited_toxic_category,Signs of Former Habitation,This toxic and lifeless world appears to have once been inhabited by a moderately advanced pre-space civilization. The ruins of their cities are still strewn across the surface.,1,GFX_evt_relic_world_street,"anomaly.670, anomaly.685",00_anomaly_categories.txt,events_l_english.yml
writing_uninhabitable_category,Surface Writing,"There is significant scarring on the surface of this world in a pattern that cannot be natural. From orbit, the massive rifts look almost like writing.",2,GFX_evt_ship_in_orbit,anomaly.635,00_anomaly_categories.txt,events_l_english.yml
beacon_uninhabitable_category,Surface Beacon,We are receiving a weak signal from the surface of this [Root.GetPlanetMoon]. The source appears to be some kind of tracking beacon.,1,GFX_evt_ship_in_orbit,anomaly.705,00_anomaly_categories.txt,events_l_english.yml
mountain_uninhabitable_category,Strange Mountain Formation,Efforts to map the surface of this [Root.GetPlanetMoon] have identified a strange mountain range in the southern hemisphere. It does not appear to have formed naturally.,3,GFX_evt_ship_in_orbit_3,"anomaly.2520, anomaly.6905",00_anomaly_categories.txt,events_l_english.yml
object_uninhabitable_category,Unidentified Object,A small rectangular object on the surface of this [Root.GetPlanetMoon] is deflecting all scanning beams like a mirror. Our sensors are unable to determine its material composition.,2,GFX_evt_ship_in_orbit_2,anomaly.2540,00_anomaly_categories.txt,events_l_english.yml
signal_gasgiant_category,Gas Giant Signal,We are picking up what may be a faint transmission coming from somewhere deep inside the atmosphere of this gas giant. Could someone - or something - be trying to communicate?,5,GFX_evt_atmospheric_flight,anomaly.5000,00_anomaly_categories.txt,events_l_english.yml
ship_gasgiant_category,Gas Giant Ship,The sensor profile of a mid-sized vessel was briefly detected inside the upper atmosphere of this gas giant.,5,GFX_evt_atmospheric_flight,anomaly.2560,00_anomaly_categories.txt,events_l_english.yml
terminal_gasgiant_category,Terminal Orbit,A small and otherwise insignificant moon orbiting this gas giant appears to be on a trajectory that will soon result in a collision with its primary.,5,GFX_evt_ship_in_orbit_3,anomaly.2570,00_anomaly_categories.txt,events_l_english.yml
sol_wasteland_category,Nuclear Wasteland,This world has been thoroughly ravaged in a nuclear war.,1,GFX_evt_city_ruins,galactic_features.104,00_anomaly_categories.txt,events_l_english.yml
living_metal_category,Peculiar Crater,A large impact crater has been discovered that does not seem to be a natural occurrence.,7,GFX_evt_cold_barren,anomaly.2576,00_anomaly_categories.txt,utopia_l_english.yml
the_lonely_bot_category,Signs of Ancient Life,[Root.GetName] exhibits signs of once having been home to an ancient civilization.,3,GFX_evt_alien_ruins,anomaly.2580,00_anomaly_categories.txt,events_6_l_english.yml
fungal_emitters_category,Strange Emissions,Unexpected emissions are coming from the underground caves on [From.GetName]. Could these be a signal of some sort?,4,GFX_evt_cold_barren,"anomaly.6760, anomaly.6755, anomaly.6765",00_anomaly_categories.txt,events_6_l_english.yml
lost_soul_cat,Lost Soul,"We have found a heavily damaged bipedal robot floating in space. We do not understand its energy source, but we may be able to retrieve information from its memory.",2,GFX_evt_star_neutron,anomaly.6786,00_anomaly_categories.txt,events_6_l_english.yml
on_solar_sails_cat,On Solar Sails,We have found the wreckage of an archaic spaceship with an unusual design. We're not quite sure how its propulsion system works.,2,GFX_evt_star_neutron,anomaly.7020,00_anomaly_categories.txt,events_6_l_english.yml
on_crashed_ship_cat,Crash Site,We have discovered an ancient alien starship lying half-buried in an asteroid crater.,2,GFX_evt_physics_cache,anomaly.7030,00_anomaly_categories.txt,events_6_l_english.yml
AST_WAVELENGTHS_1_CAT,Asteroid Waves,The asteroid [Root.GetName] is emitting some form of radiation in controlled bursts. Is someone - something - trying to communicate with us?,1,GFX_evt_mining_station,"anomaly.3065, anomaly.75, anomaly.130, anomaly.115",01_anomaly_categories.txt,events_2_l_english.yml
AST_DEBRIS_FIELD_1_CAT,Debris Field,Sensors report a number of possible points of interest within the dense debris field surrounding [Root.GetName].,3,GFX_evt_ruined_system,"anomaly.95, anomaly.3040, anomaly.105, anomaly.100",01_anomaly_categories.txt,events_2_l_english.yml
HBL_LUSH_PLANET_1_CAT,A Lush Planet,"[Root.GetName] is exceptionally green, and preliminary scans indicate that there might be several articles of interest on the surface.",4,GFX_evt_medieval_alien_civilization,"anomaly.90, anomaly.110, anomaly.85, anomaly.3130",01_anomaly_categories.txt,events_2_l_english.yml
UHB_ANCIENT_RUINS_1_CAT,Monoliths,"Impressive structures litter [Root.GetName]'s surface, practically begging for some archaeological work.",3,GFX_evt_ancient_alien_temple,anomaly.120,01_anomaly_categories.txt,events_2_l_english.yml
GEN_PLAYGROUND_CAT,Playful Ruins,"Impressive structures litter a small area on the surface of [Root.GetName], practically begging for some archaeological work.",3,GFX_evt_alien_city,anomaly.135,01_anomaly_categories.txt,events_2_l_english.yml
AST_SHRINE_1_CAT,"An Asteroid, Carved",[Root.GetName] has been partially hollowed out and carved with exquisite precision. There is something familiar about the lines and curves etched into the rock...,3,GFX_evt_mining_station,anomaly.140,01_anomaly_categories.txt,events_2_l_english.yml
HBL_MUSIC_1_CAT,What Hums in the Night,There is a pattern of unusual sonic activity on [Root.GetName].,5,GFX_evt_alien_nature,"anomaly.145, anomaly.3080",01_anomaly_categories.txt,events_2_l_english.yml
GAS_ZRO_ICE_CAT,Ice Ice Giant,"It seems [Root.GetName] is lacking the hydrogen and helium to be classified as a proper gas giant and is, in fact, an ice giant.",6,GFX_evt_gas_giant,anomaly.150,01_anomaly_categories.txt,events_2_l_english.yml
AST_ILLICIT_DARK_CAT,Radiating Asteroid,[Root.GetName] periodically spews an alarmingly eclectic mix of particles and radiation into the void.,7,GFX_evt_asteroid_approaching_planet,anomaly.155,01_anomaly_categories.txt,events_2_l_english.yml
TOX_PURPLE_RAIN_CAT,Pigment Poison,[Root.GetName]'s toxic biosphere gives the planet a unique color scheme.,7,GFX_evt_big_landing_ship,anomaly.160,01_anomaly_categories.txt,events_2_l_english.yml
FROZ_BASE_CAT,Cold Wastes,Sensors pick up unexpected activity from an isolated point on [Root.GetName]'s frozen surface.,2,GFX_evt_outpost,"anomaly.170, anomaly.175",01_anomaly_categories.txt,events_2_l_english.yml
TROP_PETS_CAT,Scurrying,Irregular patterns of movement have been detected within the dense tropical undergrowth of [Root.GetName].,4,GFX_evt_alien_wildlife,anomaly.180,01_anomaly_categories.txt,events_2_l_english.yml
BARR_BASE_CAT,On the Barren Plains,A cursory scan of the planet's surface reveals a weak signal pulsing into the darkness of space.,5,GFX_evt_archaeological_dig,anomaly.185,01_anomaly_categories.txt,events_2_l_english.yml
PROJ_MOON_CAT,Projecting,"According to preliminary scans, [Root.GetName] is exhibiting several strange properties and gives readings that are not at all in line with what one would expect from a planet of this type...",3,GFX_evt_asteroid_approaching_planet,anomaly.190,01_anomaly_categories.txt,events_2_l_english.yml
SEA_CAT,Kaleidoscopic,Vaguely-defined shapes swirl with the currents in [Root.GetName]'s vast oceans.,2,GFX_evt_ship_in_orbit_3,anomaly.195,01_anomaly_categories.txt,events_2_l_english.yml
MOLTEN_BASE_CAT,Heated Rhythm,Sensors pick up rhythmic movement on the hellish surface of [Root.GetName].,2,GFX_evt_dead_city,anomaly.200,01_anomaly_categories.txt,events_2_l_english.yml
LEVELED_CAT,Steamrolled,"[Root.GetName] seems to exhibit one, and only one, interesting geological feature...",1,GFX_evt_ship_in_orbit,anomaly.205,01_anomaly_categories.txt,events_2_l_english.yml
DIMENSIONAL_POCKET_CAT,Dimensional Disturbance,The debris field which [Root.GetName] is part of roils and swirls under the influence of unknown forces.,6,GFX_evt_mining_station,"anomaly.210, anomaly.295",01_anomaly_categories.txt,events_2_l_english.yml
HAB_CORN_CAT,Spotty Greenery,Optical scans indicate that the surface of [Root.GetName] is unusually verdant in places.,4,GFX_evt_ship_in_orbit_2,"anomaly.3025, anomaly.215",01_anomaly_categories.txt,events_2_l_english.yml
HAB_MAT_CAT,A Glint of Metal,Backscattering spectrometry sensors indicate the presence of valuable substances in the planet's crust.,4,GFX_evt_ship_in_orbit,anomaly.220,01_anomaly_categories.txt,events_2_l_english.yml
ATM_ANOMALY_CAT,Atmospheric Anomaly,Atmospheric readings from [Root.GetName] do not match simulated projections.,3,GFX_evt_ship_in_orbit_3,anomaly.225,01_anomaly_categories.txt,events_2_l_english.yml
FRBR_GRIMACING_CAT,Winking,"Repeated scans of [Root.GetName]'s surface give inconsistent sensor readings, almost as if the planet itself was in a constant state of upheaval.",5,GFX_evt_warm_barren,anomaly.230,01_anomaly_categories.txt,events_2_l_english.yml
FROZ_ILLUMINATED_CAT,Ice Lit,"Inexplicable optical phenomena play across the surface of [Root.GetName], clearly visible from space.",3,GFX_evt_frozen,anomaly.235,01_anomaly_categories.txt,events_2_l_english.yml
GAS_CLOUDY_CAT,Clouds Dance,The atmospheric patterns of [Root.GetName] are highly atypical for a gas giant of modest size.,1,GFX_evt_atmospheric_flight,anomaly.240,01_anomaly_categories.txt,events_2_l_english.yml
GAIA_MOVE_CAT,Paradise Anticipated,"As a Gaia-class planet, [Root.GetName] is expected to teem with life...",3,GFX_evt_alien_nature,anomaly.245,01_anomaly_categories.txt,events_2_l_english.yml
FROZ_BOX_CAT,Something Smells,"Scans indicate the presence of a foreign, alien-made object on one of §H[Root.GetName]'s§! many frozen mountain tops.",2,GFX_evt_frozen,anomaly.250,01_anomaly_categories.txt,events_2_l_english.yml
CONT_SIGNS_CAT,Planetary Scars,"[Root.GetName]'s surface appears heavily pockmarked, which is not unusual.\n\nWhat is unusual is the regular shape of the scars, irregularly distributed. This is unlikely to be the result of meteorite impacts.",4,GFX_evt_alien_city,anomaly.255,01_anomaly_categories.txt,events_2_l_english.yml
FROZ_BASE2_CAT,Icy Plains,Sensors pick up unexpected activity from an isolated point on [Root.GetName]'s arctic surface.,4,GFX_evt_arctic,anomaly.260,01_anomaly_categories.txt,events_2_l_english.yml
AST_CRATER_CAT,Dustbowl,"[Root.GetName] is home to a number of exquisite impact craters. However, something breaks the visual uniformity in one of the larger craters...",1,GFX_evt_asteroid_approaching_planet,"anomaly.265, anomaly.275, anomaly.270",01_anomaly_categories.txt,events_2_l_english.yml
BAR_COLONY_CAT,Looking Down,Optical sensors isolate a cluster of shapes on the barren surface of [Root.GetName] that could be buildings.,6,GFX_evt_warm_barren,"anomaly.285, anomaly.3015",01_anomaly_categories.txt,events_2_l_english.yml
TOX_MAT_CAT,Poison-coated,Backscattering spectrometry sensors indicate the presence of valuable substances beneath [Root.GetName]'s noxious clouds.,2,GFX_evt_atmospheric_flight,anomaly.290,01_anomaly_categories.txt,events_2_l_english.yml
AST_CLUSTER_CAT,Mineral Cluster,"An unusually deliberate, geometric configuration of minerals drifts through the debris belt by [Root.GetName], and is possibly of alien origin.",3,GFX_evt_asteroid_field,"anomaly.3085, anomaly.3000, anomaly.3005, anomaly.3010",01_anomaly_categories.txt,events_2_l_english.yml
GAEA_CHECKERED_CAT,Minesweeper,Visual scans of [Root.GetName]'s surface reveal a grid pattern seemingly covering the entire planet.,2,GFX_evt_ship_in_orbit_2,anomaly.3020,01_anomaly_categories.txt,events_2_l_english.yml
GEN_ABANDONED_SHIP_CAT,Parked,A cursory scan of [Root.GetName] yields surprising results.\n\nSomething seems to be scanning us back...,8,GFX_evt_landing_ship,anomaly.3030,01_anomaly_categories.txt,events_2_l_english.yml
GEN_DESERT_CAT,Dunes,"The atmosphere of [Root.GetName] is extremely thin, and yet something not unlike wind seems to agitate the seas of sand that make up its surface.",3,GFX_evt_landing_ship,"anomaly.3135, anomaly.3060, anomaly.3035",01_anomaly_categories.txt,events_2_l_english.yml
TOX_STRUCTURES_CAT,Toxic Construction,"Somewhere beneath [Root.GetName]'s unctuous clouds, unnatural structures silhouette themselves against the toxic surface.",8,GFX_evt_atmospheric_flight,anomaly.3050,01_anomaly_categories.txt,events_2_l_english.yml
TROP_WOODS_CAT,Wooden Hegemony,The surface of [Root.GetName] is dominated by particularly impressive-looking trees.,3,GFX_evt_tropical,anomaly.3055,01_anomaly_categories.txt,events_2_l_english.yml
HOLE_RADIATION_CAT,Rainbow in the Dark,Sensors pick up unusual readings in the vicinity of [Root.GetName] - readings that are hard to explain being this close to a black hole.,5,GFX_evt_black_hole,"anomaly.3075, anomaly.3070",01_anomaly_categories.txt,events_2_l_english.yml
UHB_BUOY_CAT,Doppler Effect,"A wavering signal haunts [Root.GetName], though it does not seem to originate from the planet's surface.",3,GFX_evt_satellite_in_orbit,anomaly.3090,01_anomaly_categories.txt,events_2_l_english.yml
GAIA_RECORD_CAT,Rubiconian Shores,"[Root.GetName]'s verdant plains are quiet, save for a weak but steady beacon signal.",7,GFX_evt_alien_ruins,anomaly.3110,01_anomaly_categories.txt,events_2_l_english.yml
CRYSTAL_MANUFACTORY_CAT,Ancient Manufactory,"An old, seemingly abandoned structure looms over [Root.GetName], an otherwise unremarkable asteroid.",3,GFX_evt_asteroid_field,anomaly.3125,01_anomaly_categories.txt,events_2_l_english.yml
TROP_BIOLOGY_CAT,Tropical Oddities,The initial data gathered from the tropical forests of [Root.GetName] indicate that something is out of the ordinary.,3,GFX_evt_alien_nature,anomaly.4000,02_anomaly_categories.txt,events_3_l_english.yml
AST_MINING_CAT,Mind the Minerals,Initial analysis of the asteroid's composition points towards potentially interesting finds.,2,GFX_evt_mining_station,anomaly.4005,02_anomaly_categories.txt,events_3_l_english.yml
GEN_DERELICT_SHIP_CAT,Distress Signal,Our initial scans have caught an irregular signal reminiscent of our own distress patterns.,2,GFX_evt_ship_in_orbit,anomaly.4010,02_anomaly_categories.txt,events_3_l_english.yml
GEN_LOST_CARGO_CAT,Odd Readings,While scanning the asteroid belt our science team found some sort of irregularity.,6,GFX_evt_unidentified_ship,"anomaly.4085, anomaly.4015",02_anomaly_categories.txt,events_3_l_english.yml
GEN_OLD_WAR_CAT,A Feel For Steel,The mineral composition of [Root.GetName] does not match projections.,2,GFX_evt_ship_in_orbit_2,"anomaly.4020, anomaly.4165",02_anomaly_categories.txt,events_3_l_english.yml
DES_BURIED_CAT,Buried in the Sand,The desert planet [Root.GetName] seems to conceal some buried secrets.,4,GFX_evt_desert,"anomaly.4135, anomaly.4030",02_anomaly_categories.txt,events_3_l_english.yml
SUN_RAYS_CAT,Confounding Cosmic Rays,We have detected odd radiation that our Science Officer demands to investigate.,5,GFX_evt_physics_research,"anomaly.4040, anomaly.4035",02_anomaly_categories.txt,events_3_l_english.yml
WAT_PLANET_CAT,Drops in the Ocean,Scans of [Root.GetName] return subtle readings of something beneath the surface.,3,GFX_evt_ocean,anomaly.4045,02_anomaly_categories.txt,events_3_l_english.yml
COLD_RESEARCH_CAT,Cold Hard Potential,"Our Science Officer has found an anomaly. It will require extensive probing, but could garner a substantial find.",3,GFX_evt_tundra,"anomaly.4120, anomaly.4055, anomaly.4140, anomaly.4075",02_anomaly_categories.txt,events_3_l_english.yml
SUN_TEAPOT_CAT,Improbable Orbit,Scanning the star unveils a small object in rapid orbit. Its small size and high velocity make it difficult for our sensors to isolate.,5,GFX_evt_star_yellow,anomaly.4060,02_anomaly_categories.txt,events_3_l_english.yml
AST_GEAR_CAT,Astonishing Asteroids,"Observing the massive asteroid [Root.GetName], we have found...\n\nSomething. Further investigation is warranted.",6,GFX_evt_mining_station,anomaly.4065,02_anomaly_categories.txt,events_3_l_english.yml
TROP_CONDITIONS_CAT,Among the Vines and Trees,[Root.GetName] appears to hold something of interest deep within its dense jungles.,3,GFX_evt_alien_nature,anomaly.4070,02_anomaly_categories.txt,events_3_l_english.yml
ARID_SENSOR_CAT,Arid and Abandoned,We have detected something out of the ordinary on the arid [From.GetPlanetMoon]. It seems like somebody has been here before us. Further investigation is needed.,6,GFX_evt_arid,anomaly.4080,02_anomaly_categories.txt,events_3_l_english.yml
CON_BIOLOGY_CAT,Continental Findings,The forests on this planetoid bear promises of interesting finds.,1,GFX_evt_continental,"anomaly.4115, anomaly.4100, anomaly.4095, anomaly.4150",02_anomaly_categories.txt,events_3_l_english.yml
TOX_PLANET_CAT,Toxicity,"There appears to be deliberately-crafted structures on the planet's surface, pointing toward a past long forgotten.",3,GFX_evt_toxic,anomaly.4105,02_anomaly_categories.txt,events_3_l_english.yml
DES_PLANET_CAT,Desolate Sands,"The scorching heat of [Root.GetName] is within the expected range. However, there is more unusual data still being collected by our team. Further study is needed before a final report can be filed.",1,GFX_evt_desert,anomaly.4110,02_anomaly_categories.txt,events_3_l_english.yml
GEN_MYSTICAL_CAT,Mystical,"Our survey has uncovered something that can only be described by the science team as ""mystical."" We would need to investigate the phenomenon in more detail to unshroud this mystery.",7,GFX_evt_asteroid_field,anomaly.4130,02_anomaly_categories.txt,events_3_l_english.yml
NUKE_PLANET_CAT,The Winter of the Fallen,The nuclear wasteland is evidently a sign of a previous civilization. Our scanners are picking up activity at certain locations that we should investigate.,5,GFX_evt_ship_in_orbit,anomaly.4155,02_anomaly_categories.txt,events_3_l_english.yml
RADIOACTIVE_PLANET_CAT,Radioactive Planet,We have discovered a planet containing large quantities of heavily decayed radioactive isotopes. Further investigation is warranted.,2,GFX_evt_ship_in_orbit,anomaly.680,02_anomaly_categories.txt,grand_archive_l_english.yml
ARID_PLANET_CAT,Arid Wastes,"The [From.GetPlanetMoon] is not the most welcoming of places, but if our initial scans are any indication it could hold some valuable resources.",3,GFX_evt_arid,anomaly.4170,02_anomaly_categories.txt,events_3_l_english.yml
NANO_SWARM_CAT,Deserted Desert,"[Root.GetName] has significant bodies of water, and yet its landmasses are lifeless deserts. Further study is warranted.",6,GFX_evt_desert,anomaly.6700,02_anomaly_categories.txt,events_6_l_english.yml
STAR_RESONANCE_CAT,A Strange Resonance,"Our scientists have discovered what first appeared to be a sensor malfunction near the corona of [root.GetName], however it's still there after rebooting. A closer look is warranted.",2,GFX_evt_star_yellow,anomaly.6740,02_anomaly_categories.txt,events_6_l_english.yml
ALPHA_CENTAURI_CAT,Stasis,"[From.GetName]'s peculiar orbit around its red dwarf star renders the planet tidally locked, and potentially worthy of further investigation.",1,GFX_evt_cold_barren,"anomaly.6745, anomaly.6750",02_anomaly_categories.txt,events_6_l_english.yml
TEMPORAL_PRISM_CAT,Unusual Temporal Fluctuations,Unusual fluctuations in spacetime have been detected in the vicinity of [From.GetName]. Further analysis is advised.,5,GFX_evt_clocks,anomaly.6788,02_anomaly_categories.txt,events_6_l_english.yml
VENDING_MACHINE_CAT,An Invitation,"A signal beacon orbits [From.GetName], beckoning travelers nearer. On the asteroid, a giant metal monolith looms, its purpose unknown.",3,GFX_evt_asteroid_field,anomaly.7000,02_anomaly_categories.txt,events_6_l_english.yml
TIYANKI_ASTEROID_CAT,Living Asteroid,Rock samples retrieved from the asteroid belt unexpectedly contain a large amount of biological tissue.,3,GFX_evt_ice_asteroids,anomaly.7100,02_anomaly_categories.txt,federations_anniversary_l_english.yml
UBUME_BABY_CAT,Strange Debris,Scans have identified a debris field of uncertain origin. Could this have something to do with the abandoned science ship patrolling the system?,3,GFX_evt_asteroid_field,anomaly.6791,02_anomaly_categories.txt,events_6_l_english.yml
UNIQUE_SYSTEM_BATTLE_CAT,Ancient Battlefield,A long-forgotten battlefield where ancient empires once fought for supremacy of the galaxy - now all that remains are the vessels of those who fought under their banners.,5,GFX_evt_space_debris,unique.125,02_anomaly_categories.txt,unique_system_l_english.yml
SINGING_PLANET_CAT,Strange Readings,"This planet emits strange magnetic waves, quite unlike anything we have seen so far, almost as if it is trying to communicate with us. It is only logical to investigate this unusual phenomenon - we may have just encountered an extraordinary example of life on a planetary scale.",7,GFX_evt_decryption,anomaly.7101,02_anomaly_categories.txt,events_6_l_english.yml
FROZEN_SPRINGS_CAT,Mysterious Heat,"Whilst surveying [From.GetName], the science team detected unusual heat signatures coming from below the frozen surface of the planet.",2,GFX_evt_microscopic_life,anomaly.3140,02_anomaly_categories.txt,events_6_l_english.yml
SOLARPUNK_CAT,The Missing Planets,"There are an unusual amount of hyperlanes in this system. Usually, we would dismiss these as too small to facilitate a spaceship, but the sheer amount is intriguing in and of itself.",7,GFX_evt_vortex,fircon.5010,02_anomaly_categories.txt,first_contact_l_english.yml
DATA_DIAMOND_CAT,Thin Ice,The superficial layer of surface ice on [From.GetName] covers an abnormally large crystal deposit. We are also detecting the presence of a faint signal.,4,GFX_evt_frozen,anomaly.3145,02_anomaly_categories.txt,events_6_l_english.yml
INTEMPORAL_ORB_CAT,The Orb,We have discovered powerful concentrated energy in the form of an orb. Investigation is advised.,2,GFX_evt_ship_in_orbit,anomaly.7105,02_anomaly_categories.txt,events_6_l_english.yml
RAPID_DESERTIFICATION_CAT,Rapid Desertification,Aerial images taken of [From.Planet.GetName]'s rapidly diminishing vegetation could indicate the presence of an unidentified life form habiting its surface.,1,GFX_evt_unidentified_monster,anomaly.7135,02_anomaly_categories.txt,events_6_l_english.yml
BREACHSEALER_CAT,Universe Breach Detected,"The dim Seddom system houses a tear in the fabric of the universe. Even more unusual, the tear itself is gradually shrinking, as if something or someone is working to repair it.",1,GFX_evt_shrouded_planet,anomaly.7200,02_anomaly_categories.txt,events_6_l_english.yml
paragon_beholder_category,Spiky Readings,"We have detected intermittent energy spikes coming from the planet. These readings indicate something powerful, and far beyond the capabilities of the pre-sapient inhabitants we've observed.",2,GFX_evt_ship_in_orbit_3,paragon.3,100_anomaly_categories_paragon.txt,paragon_l_english.yml
ASTRAL_SCAR_CAT,$pc_astral_scar$,"We have discovered an anomalous rift in space and time. The closer we get, the less the known laws of physical relativity hold purchase.\n\nStudying this phenomenon could very well push our scientific understanding of the mechanics of the universe to a higher level.",6,GFX_evt_astral_scar,astral_planes.6000,101_anomaly_categories_astral_planes.txt,astral_planes_l_english.yml
GREATEST_SHOW_CAT,Bright Object Detected,"A brightly lit object has been detected on an asteroid in §Y[from.System.GetName]§!.\n\nConstructed of highly advanced materials, it is broadcasting a steady stream of radio waves on all frequencies. Our scanners indicate no explosive or volatile compounds contained within. It seems safe to approach and study further.",2,GFX_evt_asteroid_field,astral_planes.6010,101_anomaly_categories_astral_planes.txt,astral_planes_l_english.yml
BLACK_HOLE_INSTABLE_CAT,$sc_black_hole$ Instability,"Our scanners have detected significant deviations from the expected physical properties of the black hole in the [from.System.GetName] system. Its gravitational forces are unpredictable, resulting in noticeable temporal inconsistencies from one point in space to another.",5,GFX_evt_black_hole,astral_planes.6020,101_anomaly_categories_astral_planes.txt,astral_planes_l_english.yml
SPONTANEOUS_EXPLOSIONS_CAT,Spontaneous Explosions,"We have detected spontaneous explosions on the surface of §Y[this.GetName]§!. With no orbiting warships or detectable surface life, the cause of these massive blasts remains unknown.",3,GFX_evt_nuclear_explosion,astral_planes.6060,101_anomaly_categories_astral_planes.txt,astral_planes_l_english.yml
STORMS_PREC_WM_ONE,Ancient Shelter,We have identified several obscured subterranean structures on [From.Planet.GetName] that appear to be of considerable age. We should take this opportunity to investigate.,@precursor_easy,GFX_evt_relic_world_street,cstorms.105,102_anomaly_categories_cosmic_storms.txt,cosmic_storms_l_english.yml
STORMS_PREC_ONE,Ancient Signals,We've picked up a series of strange electronic signals inside this system. Preliminary data shows these transmissions might be thousands of years old. Our crew is keen to find their origin.,@precursor_easy,GFX_evt_ship_in_orbit,cstorms.205,102_anomaly_categories_cosmic_storms.txt,cosmic_storms_l_english.yml
crimson_crawlers_category,Crimson Coverage,A scarlet planet was surveyed in the [From.GetStarName] system. The intensity of the color is remarkable. We should investigate.,3,GFX_evt_crimson_crawlers,cstorms.1255,102_anomaly_categories_cosmic_storms.txt,cosmic_storms_l_english.yml
STORMS_ANOM_ANTS,The Organic Comet,A cosmic storm has left behind a comet of unusual composition. It appears to be made of organic material. Our [solar_system.Owner.GetScientistPlural] are keen to investigate.,3,GFX_evt_asteroid_field,cstorms.5020,102_anomaly_categories_cosmic_storms.txt,cosmic_storms_l_english.yml
STORMS_ANOM_BRAIN,Existentialist Dissipation,"Ever since a $shroud_storm$ raged through this system, we've been receiving strange signals. However, as soon as our [Root.Owner.GetScientistPlural] try to answer this cacophony of hails, it dissipates again. They recommend sending a science vessel.",5,GFX_evt_cosmic_storms_shroud_storm,cstorms.5025,102_anomaly_categories_cosmic_storms.txt,cosmic_storms_l_english.yml
STORMS_ANOM_STAT,Confusing Composition,This orbiting object has been left behind by a passing cosmic storm. It looks like a space station but scans of its structural composition is returning most confusing results. We recommend investigating.,3,GFX_evt_ruined_system,cstorms.5030,102_anomaly_categories_cosmic_storms.txt,cosmic_storms_l_english.yml
but_they_are_cute_category,But They're Cute!,"After a survey of [From.Planet.GetName], a strange creature was discovered. Despite having only been among us for a short time, it has already instilled a deep  desire to nurture and protect it. Further study is advised.",2,GFX_evt_but_they_are_cute,cstorms.1500,102_anomaly_categories_cosmic_storms.txt,cosmic_storms_l_english.yml
terrestial_telescope_category,Terrestrial Telescopes,"Scans performed by the [fleet.GetName] indicate the presence of a derelict space station in the [From.GetStarName] System.\n\nIt looks like it was deposited there by a passing cosmic storm. Life signs return negative, and there are no power signals of any kind. Two massive telescopes protrude from opposite sides of the station. These optical instruments appear advanced, and far too large relative to the station's size. The technology and architecture are not yet familiar to us.\n\nWe could attempt to reactivate the telescopes, as this could yield some interesting insights.",3,GFX_evt_space_station,cstorms.1605,102_anomaly_categories_cosmic_storms.txt,cosmic_storms_l_english.yml
the_imitator_category,The Imitator,"A lone escape pod was spotted during a recent survey. Strangely, the pod hailed us using a data signature matching that of our own. The pod seems to have been displaced by a recent cosmic storm that passed through the system. Investigation is recommended.",3,GFX_evt_space_debris,cstorms.1550,102_anomaly_categories_cosmic_storms.txt,cosmic_storms_l_english.yml
STORMS_ANOM_POLYCHROMATIC,Polychromatic Star,"The passing of a cosmic storm through [from.solar_system.GetName] has transformed the visual appearance of the system's star. In the aftermath of the storm, the star's coronal layer presents as a swirl of ever-changing colors, ejecting polychromatic flares in all directions. The phenomenon warrants further analysis.",2,GFX_evt_star_pulsar,cstorms.5035,102_anomaly_categories_cosmic_storms.txt,cosmic_storms_l_english.yml
STORMS_ANOM_TRIPLETS,Asteroid Triplets,"A passing cosmic storm deposited three new asteroids in [from.solar_system.GetName]. These celestial bodies are prone to inexplicable changes of direction, making it impossible to predict their trajectories. Further research is needed.",2,GFX_evt_crystal_asteroids,cstorms.5040,102_anomaly_categories_cosmic_storms.txt,cosmic_storms_l_english.yml
STORMS_ANOM_TRAVELLERS,Aftermath Distress Signal,In the aftermath of the §H[from.GetAffectedStormType]§! an unidentified distress signal has been detected in §H[from.solar_system.GetName]§!.,2,GFX_evt_ship_in_orbit,cstorms.5050,102_anomaly_categories_cosmic_storms.txt,cosmic_storms_l_english.yml
STORMS_COSMIC_SLUDGE,Cosmic Sludge,Mass sensors monitoring §H[from.solar_system.GetName]§! are showing erratic readings in the aftermath of the §H[from.GetAffectedStormType]§!.\n\nSystem diagnostics show no sign of a technical error with the equipment. These readings require further investigation.,2,GFX_evt_star_chart,cstorms.5060,102_anomaly_categories_cosmic_storms.txt,cosmic_storms_l_english.yml
STORMS_SHATTERED_SATTELITE,Shattered Satellite,"In the aftermath of the §H[from.GetAffectedStormType]§!, an unidentified object has been detected in §H[from.solar_system.GetName]§!. Further analysis of this debris could provide valuable insights.",2,GFX_evt_star_chart,cstorms.5070,102_anomaly_categories_cosmic_storms.txt,cosmic_storms_l_english.yml
STORMS_EVISCERATED_FAUNA,Foreign Object,Sensors in §H[from.solar_system.GetName]§! have detected an unknown object brought into the system by the recent §H[from.GetAffectedStormType]§!.\n\nCloser inspection is needed to verify the nature of the anomaly.,2,GFX_evt_star_chart,cstorms.5080,102_anomaly_categories_cosmic_storms.txt,cosmic_storms_l_english.yml
STORMS_DISPLACED_TIYANKI,Displaced Tiyanki,In the aftermath of the $default_storm$ our sensors have detected three Tiyanki signatures in §H[solar_system.GetName]§!.,2,GFX_evt_tiyanki_family,cstorms.5090,102_anomaly_categories_cosmic_storms.txt,cosmic_storms_l_english.yml
strange_signal_category,A Curious Signal,"Although [Root.GetName] appears totally desolate and devoid of life, our scanners have picked up an encrypted signal emanating from it.",2,GFX_evt_cold_barren,federations2.1,92_anomaly_categories_federations.txt,federations_l_english.yml
SEA_CRYSTAL_CAT,Floating Value,"Starlight can be seen glinting off an unusually large object, just under the ocean surface of [Root.GetName].",3,GFX_evt_ship_in_orbit,federations3.100,92_anomaly_categories_federations.txt,federations_l_english.yml
WENKWORT_CAT,Planetscape Garden,"This entire world is unusually picturesque - suspiciously so, perhaps. What forces are at work that could have caused this?",4,GFX_evt_continental,federations3.115,92_anomaly_categories_federations.txt,federations_l_english.yml
ANCREL_RUBRICATOR_CAT,Weapon Trails,Faint traces of weapon radiation indicative of a military spacecraft have been detected on [From.GetName].,4,GFX_evt_space_debris,ancrel.4010,93_anomaly_categories_ancient_relics.txt,ancient_relics_events_l_english.yml
ANCREL_ARC_CAT,Alien Site,Check out the alien signal,3,GFX_evt_alien_cavemen,ancrel.107,93_anomaly_categories_ancient_relics.txt,ancient_relics_events_l_english.yml
ANCREL_MECHANO_CAT,A Planetary Machine,"This planet is covered from pole to pole in rusting, ancient machinery, much of which is itself covered in an unidentified, organic tissue. What manner of creatures could have built this technological curiosity, and what happened to them?",5,GFX_evt_relic_world,ancrel.2050,93_anomaly_categories_ancient_relics.txt,ancient_relics_events_l_english.yml
DISTAR_WRECK_CAT,Supply Ship Wreckage,Sensors report a shipwreck of unidentified origin has been sighted in orbit of [Root.GetName].,2,GFX_evt_ship_in_orbit,distar.1,95_anomaly_categories_distant_stars.txt,distant_stars_l_english.yml
DISTAR_FLARE_CAT,Traces of Civilization,"Despite the planet's lack of atmosphere, there is evidence of some kind of artificial structures on [From.GetName] that may indicate a past civilization.",1,GFX_evt_dead_city,distar.6,95_anomaly_categories_distant_stars.txt,distant_stars_l_english.yml
DISTAR_RAINBOW_CAT,Rainbow in the Dark,"The accretion disk around [From.GetName] exhibits a remarkable refraction spectrum, not unlike that of a rainbow. What could be causing it?",4,GFX_evt_black_hole,distar.15,95_anomaly_categories_distant_stars.txt,distant_stars_l_english.yml
DISTAR_HOLO_CAT,Fleet Signatures,Readings suggest the presence of an unknown fleet in orbit of [From.GetName]. They do not respond to hails.,4,GFX_evt_black_hole,distar.20,95_anomaly_categories_distant_stars.txt,distant_stars_l_english.yml
DISTAR_ROBO_CAT,Symmetrical Structures,Scanners indicate an unusually high level of symmetry on the surface of [From.GetName].,1,GFX_evt_ship_in_orbit,distar.25,95_anomaly_categories_distant_stars.txt,distant_stars_l_english.yml
DISTAR_NANO_CAT,Gray Goo,"The planetary body [From.GetName] appears to be covered in some manner of grayish substance, possessing strange properties and varying metallic composition.",4,GFX_evt_ship_in_orbit,distar.40,95_anomaly_categories_distant_stars.txt,distant_stars_l_english.yml
DISTAR_FLOW_CAT,Heavy Readings,Highly irregular gravitational readings surround [From.GetName].,2,GFX_evt_ship_in_orbit,distar.45,95_anomaly_categories_distant_stars.txt,distant_stars_l_english.yml
DISTAR_LOST_CAT,Movement in the Clouds,"There is movement in the upper atmosphere of [From.GetName], as though a ship was gliding hurriedly through the clouds.",2,GFX_evt_gas_giant,distar.50,95_anomaly_categories_distant_stars.txt,distant_stars_l_english.yml
DISTAR_TIME_CAT,Ship Fragments,There are fragments of an unknown vessel in close orbit of [From.GetName].,1,GFX_evt_space_debris,distar.60,95_anomaly_categories_distant_stars.txt,distant_stars_l_english.yml
DISTAR_CLONE_CAT,Murky Vats,Initial imaging of the ruined [From.GetName] ring world indicates a number of intact vats located on some of the dilapidated sections. Whatever these vats might hold is unknown.,6,GFX_evt_megastructure_construction,distar.70,95_anomaly_categories_distant_stars.txt,distant_stars_l_english.yml
DISTAR_GEODE_CAT,Secret Heart,Resonance imaging of the [From.GetName] asteroid suggests an internal composition consisting of rare crystals.,5,GFX_evt_space_debris,distar.75,95_anomaly_categories_distant_stars.txt,distant_stars_l_english.yml
DISTAR_DEAD_GOD_CAT,Silent Behemoth,"[From.GetName] is remarkably aspherical, possessing some sort of enormous formation on its surface that defies geological models.",2,GFX_evt_ship_in_orbit,distar.80,95_anomaly_categories_distant_stars.txt,distant_stars_l_english.yml
DISTAR_ELECTRO_CAT,Webwork,Glowing webs of an unknown origin periodically illuminate the surface of [From.GetName].,2,GFX_evt_ship_in_orbit,distar.85,95_anomaly_categories_distant_stars.txt,distant_stars_l_english.yml
DISTAR_RUM_CAT,Familiar Compounds,The emission spectra of [From.GetName] suggest the gas giant's primary composition has the same molecular structure as a popular inebriant.,2,GFX_evt_ship_in_orbit,"distar.91, distar.90",95_anomaly_categories_distant_stars.txt,distant_stars_l_english.yml
DISTAR_SOOTHE_CAT,Resonant Crystals,Scans of [From.GetName] reveal a continental crust filled with resonant crystals. We may be able to make some use of them.,1,GFX_evt_ship_in_orbit,distar.95,95_anomaly_categories_distant_stars.txt,distant_stars_l_english.yml
DISTAR_SOOTHE_GC_CAT,Attractive Magnetism,"[From.GetName]'s magnetosphere is highly appealing to our research drones in orbit, for reasons they cannot explain. We should investigate further.",1,GFX_evt_ship_in_orbit,distar.100,95_anomaly_categories_distant_stars.txt,distant_stars_l_english.yml
DISTAR_EXO_CAT,Bizarre Blanket,Entire continents on [From.GetName] are blanketed in a strange growth that seems at odds with the rest of the planet's flora.,1,GFX_evt_alien_nature,distar.105,95_anomaly_categories_distant_stars.txt,distant_stars_l_english.yml
DISTAR_ICE_CAT,Inconsistent Readings,"The measured surface temperature of [From.GetName] is in the hundreds of degrees, despite its frozen surface. What could be causing these discrepancies?",1,GFX_evt_ship_in_orbit,distar.110,95_anomaly_categories_distant_stars.txt,distant_stars_l_english.yml
DISTAR_METAL_CAT,Impenetrable Clouds,The atmosphere of [From.GetName] is reflecting our sensors at radio frequencies. Something down there is interfering with our signals.,1,GFX_evt_toxic,distar.115,95_anomaly_categories_distant_stars.txt,distant_stars_l_english.yml
DISTAR_OCEAN_CAT,Deep Tunnels,Scans suggest an intricate system of tunnels lies hidden beneath the waters of [From.GetName]. What could have created them?,1,GFX_evt_ship_in_orbit,distar.120,95_anomaly_categories_distant_stars.txt,distant_stars_l_english.yml
DISTAR_COLLAPSE_CAT,Dilapidated Station,"Scarred by centuries of debris impacts, a dilapidated relic of a station hangs in orbit, trailing wearily behind [From.GetName]. Its decrepit state and unrecognized technology will require a team of specialists to investigate.",6,GFX_evt_space_station,distar.125,95_anomaly_categories_distant_stars.txt,distant_stars_l_english.yml
DISTAR_FOES_CAT,Doppelgangers,The primitives eking out an existence on the ashy plains of [From.GetName] are remarkably similar to the ones discovered on another tomb world in the same system.,3,GFX_evt_alien_cavemen,distar.131,95_anomaly_categories_distant_stars.txt,distant_stars_l_english.yml
DISTAR_DIAMOND_CAT,Heavy Pulse,"[From.GetName] pulses steadily, its helioseismology indicating an internal composition far denser than expected. What could be responsible for this surprising density?",2,GFX_evt_star_white,distar.140,95_anomaly_categories_distant_stars.txt,distant_stars_l_english.yml
DISTAR_MOLTEN_CAT,Volcanic Vents,A remarkable array of gases are being vented on [From.GetName] - ones not usually found on molten worlds. Some of these gases show promising industrial value.,1,GFX_evt_molten,distar.145,95_anomaly_categories_distant_stars.txt,distant_stars_l_english.yml
DISTAR_MERCURY_CAT,Deep Caverns,Interior imaging of [From.GetName] suggests massive underground caverns wait below the planet's surface. They may be worth investigation.,7,GFX_evt_ship_in_orbit,distar.150,95_anomaly_categories_distant_stars.txt,distant_stars_l_english.yml
DISTAR_WARFORM_CAT,Mysterious Construct,Some manner of artificial structure peaks out from between the toxic clouds of [From.GetName]'s atmosphere.,5,GFX_evt_toxic,distar.155,95_anomaly_categories_distant_stars.txt,distant_stars_l_english.yml
DISTAR_BRAINSLUG_CAT,Abandoned Settlements,Scans of [From.GetName] reveal what appear to be the abandoned settlements of a primitive society. What manner of fate could have befallen their builders?,4,GFX_evt_alien_nature,distar.170,95_anomaly_categories_distant_stars.txt,distant_stars_l_english.yml
DISTAR_THIRSTY_CAT,Waterless Canyons,"Canyons deep enough to be seen from orbit furrow the surface of [From.GetName], yet the planet is dry as a dustbowl. What could have happened to the water that once so profoundly carved [From.GetName]'s' stone?",1,GFX_evt_warm_barren,distar.180,95_anomaly_categories_distant_stars.txt,distant_stars_l_english.yml
DISTAR_FLYTRAP_CAT,Megaflora,"Plant life of truly incredible proportions dominates the landscape of [From.GetName], its vibrant colors and gargantuan size almost calling to our xeno-biologists.",1,GFX_evt_alien_nature,distar.185,95_anomaly_categories_distant_stars.txt,distant_stars_l_english.yml
DISTAR_LIVING_CAT,Haunting Sea,"There is something unusual, almost hypnotic about the soft undulations of the sea covering [From.GetName]. Its motions match no known projections for tidal behavior.",5,GFX_evt_ocean,distar.190,95_anomaly_categories_distant_stars.txt,distant_stars_l_english.yml
DISTAR_ZONE_CAT,Isolated Ruin,Sensors indicate an isolated pinprick of artificial structures on [From.GetName].,2,GFX_evt_ship_in_orbit,distar.220,95_anomaly_categories_distant_stars.txt,distant_stars_l_english.yml
DISTAR_RAT_CAT,Ruined Capital,Our initial survey of the [From.GetName] suggests this planet is the fallen capital of a lost empire whose junkyards we have encountered prior. A more thorough investigation may yield further information.,2,GFX_evt_city_ruins,distar.231,95_anomaly_categories_distant_stars.txt,distant_stars_l_english.yml
DISTAR_MED_CAT,Mysterious Tanker,"A derelict tanker of unknown origin orbits [From.GetName], its reservoirs heavy with some manner of organic substance.",5,GFX_evt_space_debris,distar.244,95_anomaly_categories_distant_stars.txt,distant_stars_l_english.yml
DISTAR_POD_CAT,Unidentified Drop Pods,"First thought to be asteroids, a halo of motionless drop pods surrounds [From.GetName].",3,GFX_evt_space_debris,distar.245,95_anomaly_categories_distant_stars.txt,distant_stars_l_english.yml
DISTAR_PHASE_CAT,Phased Planet,"Enigmatic energy readings surround [From.GetName], as though the entire planet is wavering in and out of existence.",10,GFX_evt_ship_in_orbit,"distar.250, distar.303, distar.302, distar.256",95_anomaly_categories_distant_stars.txt,distant_stars_l_english.yml
DISTAR_SOY_CAT,Overgrown Ruins,Sensors indicate there are artificial formations buried beneath rich vegetation on [From.GetName].,6,GFX_evt_ship_in_orbit,"distar.261, distar.260",95_anomaly_categories_distant_stars.txt,distant_stars_l_english.yml
DISTAR_SIGNAL_CAT,Interference,Ship sensors are picking up an unexplained pattern of interference in the [From.GetStarName] System.,1,GFX_evt_ship_in_orbit_2,distar.265,95_anomaly_categories_distant_stars.txt,distant_stars_l_english.yml
DISTAR_PUZZLE_CAT,Unscannable Object,"An object that reflects our sensors has been located in the [From.GetStarName] asteroid field, near [From.GetName]. Visual observation has identified the object as polygonal in shape, but due to lack of scanner data, little else is known.",1,GFX_evt_ship_in_orbit_2,distar.270,95_anomaly_categories_distant_stars.txt,distant_stars_l_english.yml
DISTAR_NANOCITY_CAT,Metallic Crystal Formations,"The geoscape of [From.GetName] is dominated by what appear from orbit to be silvery, metallic crystals of dimensions never-before-seen. From orbit, they eerily resemble skyscrapers. Closer study is warranted.",2,GFX_evt_ship_in_orbit_2,distar.275,95_anomaly_categories_distant_stars.txt,distant_stars_l_english.yml
DISTAR_NANOSAND_CAT,Metallic Sands,Scanners indicate the sandy dunes of [From.GetName] are almost entirely composed of granulate rare metals. Perhaps some valuable resources could be extracted from them.,2,GFX_evt_ship_in_orbit_2,distar.280,95_anomaly_categories_distant_stars.txt,distant_stars_l_english.yml
DISTAR_MEDGAS_CAT,Solid Core,"Despite expected projections, [From.GetName] has a particularly large solid core beneath its incredibly thick mantle of unique gases. Our scientists recommend further investigation.",3,GFX_evt_ship_in_orbit,distar.285,95_anomaly_categories_distant_stars.txt,distant_stars_l_english.yml
debris_gasgiant_category_temp,Ancient Hulk,A massive shipwreck of ancient design circles [From.GetName].,8,GFX_evt_ship_in_orbit,distar.1000,95_anomaly_categories_distant_stars.txt,distant_stars_l_english.yml
star_lifting_category,Deserted Star Platform,A defective platform of alien design is drifting aimlessly around a star. Perhaps closer study could reveal its purpose.,4,GFX_evt_star_pulsar,distar.1020,95_anomaly_categories_distant_stars.txt,distant_stars_l_english.yml
abandoned_outpost_category,Abandoned Observation Post,A tattered old observation post circles [big_rip_planet.GetName] but there are no signs of intelligent life on its surface. Closer investigation may give us the answer to why.,4,GFX_evt_ship_in_orbit,distar.1030,95_anomaly_categories_distant_stars.txt,distant_stars_l_english.yml
ast_debris_field_1_cat_2,$AST_DEBRIS_FIELD_1_CAT$,Sensors report a number of possible points of interest within the dense debris field surrounding [Root.GetName].,3,GFX_evt_space_debris,"distar.1050, distar.2000, distar.1080",95_anomaly_categories_distant_stars.txt,distant_stars_l_english.yml
atomic_clock_cat,$AST_DEBRIS_FIELD_1_CAT$,Sensors report a number of possible points of interest within the dense debris field surrounding [Root.GetName].,3,GFX_evt_space_debris,distar.1045,95_anomaly_categories_distant_stars.txt,megacorp_l_english.yml
gaia_planet_cat,Alien Activity,Our sensors are registering energy emissions indicative of alien activity on [Root.GetName].,3,GFX_evt_alien_nature,distar.1060,95_anomaly_categories_distant_stars.txt,distant_stars_l_english.yml
corrupt_data_cat,Corrupt Survey Data,Something in the [From.System.GetName] system is corrupting some of our sensory data. The source of the irregularity seems to be the planet [From.GetName].,4,GFX_evt_ship_in_orbit_2,distar.1065,95_anomaly_categories_distant_stars.txt,distant_stars_l_english.yml
irregular_energy_cat,Irregular Energy Emissions,Our sensors indicate odd irregularities in [From.GetName]'s energy emission pattern.,4,GFX_evt_ship_in_orbit,distar.1070,95_anomaly_categories_distant_stars.txt,distant_stars_l_english.yml
peculiar_patterns_cat,Peculiar Patterns,"Strange patterns, clearly visible even from space, are forming across the surface of [Root.GetName].",3,GFX_evt_ship_in_orbit_2,"distar.2010, distar.1095, distar.1090",95_anomaly_categories_distant_stars.txt,distant_stars_l_english.yml
tomb_world_cat,Tomb World,Unusual readings suggest there may be more to this desolate world than meets the eye.,4,GFX_evt_ship_in_orbit_2,"distar.2015, distar.2005",95_anomaly_categories_distant_stars.txt,distant_stars_l_english.yml
alien_life_cat,Alien Life,Initial sensory readings from [From.GetName] suggest it could support alien life.,3,GFX_evt_alien_nature,distar.2020,95_anomaly_categories_distant_stars.txt,distant_stars_l_english.yml
moon_cat,Unusual Moon,There is something unusual about this moon.,3,GFX_evt_ship_in_orbit,distar.2025,95_anomaly_categories_distant_stars.txt,distant_stars_l_english.yml
time_loop_world,Shielded World,For reasons unknown [Root.GetName] has been enclosed within an impenetrable shield and the shield is cracking.,4,GFX_evt_ship_in_orbit,distar.2030,95_anomaly_categories_distant_stars.txt,distant_stars_l_english.yml
stolen_ship_cat,Armed Vessel,Preliminary scans of [From.GetName] indicate that a heavily-armed vessel is in orbit of the asteroid. It would be wise to proceed with caution.,3,GFX_evt_ship_in_orbit_2,distar.2040,95_anomaly_categories_distant_stars.txt,distant_stars_l_english.yml
transmitter_cat,Encrypted Transmission,We have come upon an encrypted datastream transmitting from a location on [From.GetName].,2,GFX_evt_ship_in_orbit_2,distar.2045,95_anomaly_categories_distant_stars.txt,distant_stars_l_english.yml
disco_trojan_asteroid_cat,Unknown Insides,"Initial scans of the asteroid [From.GetName] suggest a dense mass of wrought metal within it, perhaps part of some machinery or other technology. Further scanning required for more detailed data.",3,GFX_evt_asteroid_field,distar.3000,95_anomaly_categories_distant_stars.txt,distant_stars_l_english.yml
disco_impossible_organism_cat,Impossible Organism,"Unexpected life signs have been encountered on survey of the toxic planet [From.GetName]. Small, but significant.",6,GFX_evt_toxic,distar.3010,95_anomaly_categories_distant_stars.txt,distant_stars_l_english.yml
disco_stranded_scientist_cat,Spacecraft Remains,"Bits and pieces of metal are strewn across [From.GetName]'s surface, encircling what looks like the hulk of a ship. The wreckage appears deserted, but energy readings remain.",4,GFX_evt_asteroid_field,distar.3020,95_anomaly_categories_distant_stars.txt,distant_stars_l_english.yml
disco_molluscoid_miners_cat,Possible Inhabitants,"Optical scans of the planet [From.GetName] have revealed small hut-like structures littering parts of its surface, suggesting it is inhabited.",3,GFX_evt_warm_barren,distar.3030,95_anomaly_categories_distant_stars.txt,distant_stars_l_english.yml
disco_alien_machine_cat,Alien Machine,"On the surface of [From.GetName] sits what appears to be a large machine, of unknown origin and purpose.",3,GFX_evt_asteroid_field,distar.3040,95_anomaly_categories_distant_stars.txt,distant_stars_l_english.yml
disco_speed_demon_cat,Orbital Speed Demon,"Caught in an orbit around [From.GetName] is a small, unknown object moving at such a high speed it beggars belief.",4,GFX_evt_asteroid_field,distar.3050,95_anomaly_categories_distant_stars.txt,distant_stars_l_english.yml
disco_breathing_rift_cat,Light Phenomenon,An unknown phenomenon has been discovered near [From.GetName]. It is causing light to be frequently refracted and occasionally even entirely blocked out.,3,GFX_evt_ship_in_orbit_2,distar.3060,95_anomaly_categories_distant_stars.txt,distant_stars_l_english.yml
disco_gray_cat,Surface Signature,A strange energy signature emanates from the barren and lifeless surface of [From.GetName].,3,GFX_evt_ship_in_orbit_2,graygoo.400,95_anomaly_categories_distant_stars.txt,distant_stars_l_english.yml
vultaum_1_cat,$precursor_activity$,There are signs of activity by an ancient precursor civilization on this inhospitable rock.,@precursor_easy,GFX_evt_ship_in_orbit,precursor.5,96_anomaly_categories_precursors.txt,events_l_english.yml
vultaum_2_cat,$precursor_activity$,There are signs of activity by an ancient precursor civilization on this inhospitable rock.,@precursor_easy,GFX_evt_ship_in_orbit,precursor.10,96_anomaly_categories_precursors.txt,events_l_english.yml
vultaum_3_cat,$precursor_activity$,There are signs of activity by an ancient precursor civilization on this habitable world.,@precursor_medium,GFX_evt_ship_in_orbit,precursor.15,96_anomaly_categories_precursors.txt,events_l_english.yml
vultaum_4_cat,$precursor_activity$,There are signs of activity by an ancient precursor civilization on this habitable world.,@precursor_medium,GFX_evt_ship_in_orbit,precursor.20,96_anomaly_categories_precursors.txt,events_l_english.yml
vultaum_5_cat,$precursor_activity$,There are signs of activity by an ancient precursor civilization on this habitable world.,@precursor_medium,GFX_evt_ship_in_orbit,precursor.25,96_anomaly_categories_precursors.txt,events_l_english.yml
vultaum_6_cat,$precursor_activity$,There are signs of activity by an ancient precursor civilization in the vicinity of this gas giant.,@precursor_hard,GFX_evt_microscopic_life,precursor.30,96_anomaly_categories_precursors.txt,events_l_english.yml
vultaum_7_cat,$precursor_activity$,There are signs of activity by an ancient precursor civilization on this inhospitable rock.,@precursor_medium,GFX_evt_ship_in_orbit,precursor.35,96_anomaly_categories_precursors.txt,events_l_english.yml
vultaum_8_cat,$precursor_activity$,There are signs of activity by an ancient precursor civilization on this inhospitable rock.,@precursor_medium,GFX_evt_ship_in_orbit,precursor.40,96_anomaly_categories_precursors.txt,events_l_english.yml
vultaum_9_cat,$precursor_activity$,There are signs of activity by an ancient precursor civilization on this habitable world.,@precursor_medium,GFX_evt_ship_in_orbit,precursor.45,96_anomaly_categories_precursors.txt,events_l_english.yml
vultaum_10_cat,$precursor_activity$,There are signs of activity by an ancient precursor civilization on this inhospitable rock.,@precursor_medium,GFX_evt_ship_in_orbit,precursor.50,96_anomaly_categories_precursors.txt,events_l_english.yml
vultaum_11_cat,$precursor_activity$,There are signs of activity by an ancient precursor civilization on this asteroid.,@precursor_hard,GFX_evt_mining_station,precursor.55,96_anomaly_categories_precursors.txt,events_l_english.yml
yuht_1_cat,$precursor_activity$,There are signs of activity by an ancient precursor civilization on this habitable world.,@precursor_easy,GFX_evt_ship_in_orbit,precursor.505,96_anomaly_categories_precursors.txt,events_l_english.yml
yuht_2_cat,$precursor_activity$,There are signs of activity by an ancient precursor civilization on this inhospitable rock.,@precursor_easy,GFX_evt_ship_in_orbit,precursor.510,96_anomaly_categories_precursors.txt,events_l_english.yml
yuht_3_cat,$precursor_activity$,There are signs of activity by an ancient precursor civilization on this habitable world.,@precursor_medium,GFX_evt_ship_in_orbit,precursor.515,96_anomaly_categories_precursors.txt,events_l_english.yml
yuht_4_cat,$precursor_activity$,There are signs of activity by an ancient precursor civilization on this habitable world.,@precursor_medium,GFX_evt_ship_in_orbit,precursor.520,96_anomaly_categories_precursors.txt,events_l_english.yml
yuht_5_cat,$precursor_activity$,There are signs of activity by an ancient precursor civilization on this habitable world.,@precursor_medium,GFX_evt_ship_in_orbit,precursor.525,96_anomaly_categories_precursors.txt,events_l_english.yml
yuht_6_cat,$precursor_activity$,There are signs of activity by an ancient precursor civilization in the vicinity of this gas giant.,@precursor_hard,GFX_evt_microscopic_life,precursor.530,96_anomaly_categories_precursors.txt,events_l_english.yml
yuht_7_cat,$precursor_activity$,There are signs of activity by an ancient precursor civilization on this inhospitable rock.,@precursor_medium,GFX_evt_ship_in_orbit,precursor.535,96_anomaly_categories_precursors.txt,events_l_english.yml
yuht_8_cat,$precursor_activity$,There are signs of activity by an ancient precursor civilization on this inhospitable rock.,@precursor_medium,GFX_evt_ship_in_orbit,precursor.540,96_anomaly_categories_precursors.txt,events_l_english.yml
yuht_9_cat,$precursor_activity$,There are signs of activity by an ancient precursor civilization on this asteroid.,@precursor_hard,GFX_evt_mining_station,precursor.545,96_anomaly_categories_precursors.txt,events_l_english.yml
league_1_cat,$precursor_activity$,There are signs of activity by an ancient precursor civilization on this inhospitable rock.,@precursor_easy,GFX_evt_ship_in_orbit,precursor.1005,96_anomaly_categories_precursors.txt,events_l_english.yml
league_2_cat,$precursor_activity$,There are signs of activity by an ancient precursor civilization in the vicinity of this gas giant.,@precursor_easy,GFX_evt_microscopic_life,precursor.1010,96_anomaly_categories_precursors.txt,events_l_english.yml
league_3_cat,$precursor_activity$,There are signs of activity by an ancient precursor civilization on this habitable world.,@precursor_medium,GFX_evt_ship_in_orbit,precursor.1015,96_anomaly_categories_precursors.txt,events_l_english.yml
league_4_cat,$precursor_activity$,There are signs of activity by an ancient precursor civilization on this habitable world.,@precursor_medium,GFX_evt_ship_in_orbit,precursor.1020,96_anomaly_categories_precursors.txt,events_l_english.yml
league_5_cat,$precursor_activity$,There are signs of activity by an ancient precursor civilization on this habitable world.,@precursor_medium,GFX_evt_ship_in_orbit,precursor.1025,96_anomaly_categories_precursors.txt,events_l_english.yml
league_6_cat,$precursor_activity$,There are signs of activity by an ancient precursor civilization on this habitable world.,@precursor_medium,GFX_evt_ship_in_orbit,precursor.1030,96_anomaly_categories_precursors.txt,events_l_english.yml
league_7_cat,$precursor_activity$,There are signs of activity by an ancient precursor civilization on this inhospitable rock.,@precursor_medium,GFX_evt_ship_in_orbit,precursor.1035,96_anomaly_categories_precursors.txt,events_l_english.yml
league_8_cat,$precursor_activity$,There are signs of activity by an ancient precursor civilization on this habitable world.,@precursor_medium,GFX_evt_ship_in_orbit,precursor.1040,96_anomaly_categories_precursors.txt,events_l_english.yml
league_9_cat,$precursor_activity$,There are signs of activity by an ancient precursor civilization on this habitable world.,@precursor_medium,GFX_evt_ship_in_orbit,precursor.1045,96_anomaly_categories_precursors.txt,events_l_english.yml
league_10_cat,$precursor_activity$,There are signs of activity by an ancient precursor civilization on this inhospitable rock.,@precursor_medium,GFX_evt_ship_in_orbit,precursor.1050,96_anomaly_categories_precursors.txt,events_l_english.yml
league_11_cat,$precursor_activity$,There are signs of activity by an ancient precursor civilization on this inhospitable rock.,@precursor_medium,GFX_evt_ship_in_orbit,precursor.1055,96_anomaly_categories_precursors.txt,events_l_english.yml
league_12_cat,$precursor_activity$,There are signs of activity by an ancient precursor civilization on this habitable world.,@precursor_medium,GFX_evt_ship_in_orbit,precursor.1060,96_anomaly_categories_precursors.txt,events_l_english.yml
league_13_cat,$precursor_activity$,There are signs of activity by an ancient precursor civilization on this habitable world.,@precursor_medium,GFX_evt_ship_in_orbit,precursor.1065,96_anomaly_categories_precursors.txt,events_l_english.yml
league_14_cat,$precursor_activity$,There are signs of activity by an ancient precursor civilization on this asteroid.,@precursor_hard,GFX_evt_mining_station,precursor.1070,96_anomaly_categories_precursors.txt,events_l_english.yml
irassian_1_cat,$precursor_activity$,There are signs of activity by an ancient precursor civilization on this habitable world.,@precursor_easy,GFX_evt_ship_in_orbit,precursor.1505,96_anomaly_categories_precursors.txt,events_l_english.yml
irassian_2_cat,$precursor_activity$,There are signs of activity by an ancient precursor civilization on this habitable world.,@precursor_easy,GFX_evt_ship_in_orbit,precursor.1510,96_anomaly_categories_precursors.txt,events_l_english.yml
irassian_3_cat,$precursor_activity$,There are signs of activity by an ancient precursor civilization on this habitable world.,@precursor_medium,GFX_evt_ship_in_orbit,precursor.1515,96_anomaly_categories_precursors.txt,events_l_english.yml
irassian_4_cat,$precursor_activity$,There are signs of activity by an ancient precursor civilization on this habitable world.,@precursor_medium,GFX_evt_ship_in_orbit,precursor.1520,96_anomaly_categories_precursors.txt,events_l_english.yml
irassian_5_cat,$precursor_activity$,There are signs of activity by an ancient precursor civilization on this habitable world.,@precursor_medium,GFX_evt_ship_in_orbit,precursor.1525,96_anomaly_categories_precursors.txt,events_l_english.yml
irassian_6_cat,$precursor_activity$,There are signs of activity by an ancient precursor civilization on this inhospitable rock.,@precursor_medium,GFX_evt_ship_in_orbit,precursor.1530,96_anomaly_categories_precursors.txt,events_l_english.yml
irassian_7_cat,$precursor_activity$,There are signs of activity by an ancient precursor civilization on this habitable world.,@precursor_medium,GFX_evt_ship_in_orbit,precursor.1535,96_anomaly_categories_precursors.txt,events_l_english.yml
irassian_8_cat,$precursor_activity$,There are signs of activity by an ancient precursor civilization on this inhospitable rock.,@precursor_medium,GFX_evt_ship_in_orbit,precursor.1540,96_anomaly_categories_precursors.txt,events_l_english.yml
irassian_9_cat,$precursor_activity$,There are signs of activity by an ancient precursor civilization on this inhospitable rock.,@precursor_medium,GFX_evt_ship_in_orbit,precursor.1545,96_anomaly_categories_precursors.txt,events_l_english.yml
irassian_10_cat,$precursor_activity$,There are signs of activity by an ancient precursor civilization on this asteroid.,@precursor_hard,GFX_evt_mining_station,precursor.1550,96_anomaly_categories_precursors.txt,events_l_english.yml
irassian_11_cat,$precursor_activity$,There are signs of activity by an ancient precursor civilization in the vicinity of this gas giant.,@precursor_hard,GFX_evt_microscopic_life,precursor.1555,96_anomaly_categories_precursors.txt,events_l_english.yml
cybrex_1_cat,$precursor_activity$,There are signs of activity by an ancient precursor civilization on this habitable world.,@precursor_easy,GFX_evt_archaeological_dig,precursor.2005,96_anomaly_categories_precursors.txt,events_l_english.yml
cybrex_2_cat,$precursor_activity$,There are signs of activity by an ancient precursor civilization on this habitable world.,@precursor_easy,GFX_evt_archaeological_dig,precursor.2010,96_anomaly_categories_precursors.txt,events_l_english.yml
cybrex_3_cat,$precursor_activity$,There are signs of activity by an ancient precursor civilization on this inhospitable rock.,@precursor_medium,GFX_evt_ship_in_orbit,precursor.2015,96_anomaly_categories_precursors.txt,events_l_english.yml
cybrex_4_cat,$precursor_activity$,There are signs of activity by an ancient precursor civilization on this habitable world.,@precursor_medium,GFX_evt_archaeological_dig,precursor.2020,96_anomaly_categories_precursors.txt,events_l_english.yml
cybrex_5_cat,$precursor_activity$,There are signs of activity by an ancient precursor civilization on this habitable world.,@precursor_medium,GFX_evt_archaeological_dig,precursor.2025,96_anomaly_categories_precursors.txt,events_l_english.yml
cybrex_6_cat,$precursor_activity$,There are signs of activity by an ancient precursor civilization on this asteroid.,@precursor_hard,GFX_evt_mining_station,precursor.2030,96_anomaly_categories_precursors.txt,events_l_english.yml
cybrex_7_cat,$precursor_activity$,There are signs of activity by an ancient precursor civilization in the vicinity of this gas giant.,@precursor_hard,GFX_evt_ship_in_orbit,precursor.2035,96_anomaly_categories_precursors.txt,events_l_english.yml
cybrex_8_cat,$precursor_activity$,There are signs of activity by an ancient precursor civilization on this inhospitable rock.,@precursor_medium,GFX_evt_ship_in_orbit,precursor.2040,96_anomaly_categories_precursors.txt,events_l_english.yml
cybrex_9_cat,$precursor_activity$,There are signs of activity by an ancient precursor civilization on this inhospitable rock.,@precursor_medium,GFX_evt_ship_in_orbit,precursor.2045,96_anomaly_categories_precursors.txt,events_l_english.yml
cybrex_10_cat,$precursor_activity$,There are signs of activity by an ancient precursor civilization on this inhospitable rock.,@precursor_medium,GFX_evt_ship_in_orbit,precursor.2050,96_anomaly_categories_precursors.txt,events_l_english.yml
cybrex_11_cat,$precursor_activity$,There are signs of activity by an ancient precursor civilization on this inhospitable rock.,@precursor_medium,GFX_evt_ship_in_orbit,precursor.2055,96_anomaly_categories_precursors.txt,events_l_english.yml
VULTAUMAR,Vultaumar Prime,The ancient homeworld of the Vultaum homeworld. It has seen better days.,@precursor_medium,,precursor.101,96_anomaly_categories_precursors.txt,events_l_english.yml
YUHTAAN,Yuhtaan Majoris,"This world, which served as the capital of the ancient Yuht Empire, once supported life. No longer.",@precursor_medium,,precursor.601,96_anomaly_categories_precursors.txt,events_l_english.yml
FEN_HABBANIS,Fen Habbanis,"Fen Habbanis III, or simply ""Fen Habbanis"" as it was known to its ancient inhabitants, was the capital of the First League.",@precursor_medium,,precursor.1101,96_anomaly_categories_precursors.txt,events_l_english.yml
IRASSIA,Irassia,Whatever biosphere this world may have once supported is long gone.,@precursor_medium,,precursor.1601,96_anomaly_categories_precursors.txt,events_l_english.yml
TUTORIAL_CAT,Leaving Home,During the survey of our home system we found something on [From.GetName] that did not match earlier observations made from our homeworld.,1,GFX_evt_ship_in_orbit,"tutorial.53, tutorial.52, tutorial.54",98_anomaly_categories_tutorial.txt,events_3_l_english.yml
AIANOM_LUMP_CAT,Orbital Debris,Sensors register potentially interesting entities in orbit of [Root.GetName].,1,GFX_evt_mining_station,"aianom.2, aianom.1, aianom.4, aianom.3, aianom.5",99_anomaly_categories_ai.txt,distant_stars_l_english.yml
AIANOM_MININGDEPO_CAT,Surface Pings,Sensors register potential finds on the surface of [Root.GetName].,1,GFX_evt_mining_station,"aianom.7, aianom.6",99_anomaly_categories_ai.txt,distant_stars_l_english.yml
AIANOM_RESEARCHDEPO_CAT,$AIANOM_MININGDEPO_CAT$,$AIANOM_MININGDEPO_CAT_desc$,2,GFX_evt_mining_station,"aianom.8, aianom.10, aianom.9",99_anomaly_categories_ai.txt,distant_stars_l_english.yml
AIANOM_CLUE_CAT,$clue$,$l_cluster_chain_desc$,5,GFX_evt_mining_station,aianom.11,99_anomaly_categories_ai.txt,distant_stars_l_english.yml
